"V1","V2","V3","V4","V5","V6","V7","V8","V9","V10","V11","V12","V13","V14","V15","V16","V17","V18","V19","V20","V21","V22","V23","V24","V25","V26","V27","V28","V29","V30","V31","V32","V33","V34","V35","V36","V37","V38"
"-0.19002006295391","0.114670871656376","-0.0322886189781137","0.19445060404649","0.153750962925873","0.138789277749648","-0.32810939172482","-0.0321260868736239","-0.0949604874037818","-0.011446659857077","0.0996551608472821","0.00527617527262495","0.327219658707689","0.0276525331460096","-0.118523806968187","-0.144541333473185","0.0410073503039366","-0.184221565176547","0.186491326695282","-0.108433234647325","-0.300066922165351","0.0751860143665021","-0.127431160753809","0.187883572659973","0.069815713541783","0.181997700110416","0.259762903188426","0.130938923124901","0.282399760760264","-0.0844735873790533","0.124583389753784","-0.169876566759306","-0.0375671719209164","-0.177852839854706","-0.253141108614249","-0.142198039485629","AF16","20C"
"-0.213703582537359","0.129645299322067","-0.0320745871074595","0.203347498521341","0.13853643429234","0.143651244896898","-0.3196722711541","-0.0303030687617101","-0.0707716734950421","0.00823520919112415","0.0831958163817588","0.0156218856787643","0.298595665906407","0.025012358335334","-0.110711408299868","-0.159111826743872","0.0418066208648984","-0.198335090380541","0.185935945348755","-0.118424076550098","-0.297899405406248","0.0753668727739782","-0.131015218626208","0.196348990913701","0.0708791667674844","0.187873373948949","0.255369258913458","0.12530652489788","0.281697194150846","-0.0823570908012034","0.132669734463291","-0.184282701285536","-0.0412634163036918","-0.193432749473145","-0.245304711435657","-0.132239438491257","AF16","20C"
"-0.225811469996841","0.12683368646266","-0.0328985037690341","0.189047868915828","0.139603128692733","0.119325398322084","-0.339195212061538","-0.0346407680300499","-0.0853659819844041","-0.00770839936499531","0.0936505782408415","0.0191146510128877","0.321991548123514","0.0281678681501074","-0.107631273023577","-0.133783227401669","0.0416047237738926","-0.176393379774361","0.182873539253856","-0.0965573808424727","-0.314044832051037","0.0853369826939454","-0.128832038806488","0.190110553487062","0.0685478840484112","0.182922288899161","0.25489601833386","0.122770422692294","0.288123847030035","-0.0900945226868992","0.125850066904019","-0.171644344382682","-0.0354306332007776","-0.17288898150843","-0.250109329734126","-0.131904088380685","AF16","20C"
"-0.202363305261398","0.131493289854436","-0.0317641888763492","0.193456585523554","0.133615839916978","0.143335707000539","-0.328192298816047","-0.0323449516208962","-0.0953262412075834","-0.00309752340540513","0.0960754309594964","0.00544484534688779","0.326234594578939","0.0280630521163209","-0.11348647750164","-0.151120904984994","0.0405152072375813","-0.180157369739426","0.1712184332873","-0.110038104487514","-0.297991537117639","0.0745370672767135","-0.127588923307693","0.187841759504931","0.0730092775521762","0.193072366543665","0.257265790118985","0.128085865026464","0.283247286918757","-0.0861793322617665","0.124459324908754","-0.169570361275861","-0.0391508038390828","-0.182592469607172","-0.251827765479978","-0.140640411070194","AF16","20C"
"-0.210145913117717","0.121961574802442","-0.0321329432836189","0.195702450349951","0.157048713438274","0.131151176819529","-0.345652407431029","-0.0368065039785632","-0.0862542957157133","0.00188597673779836","0.109009183908299","0.0122572548879326","0.279483629339558","0.0250641394904498","-0.109351840617967","-0.139211294715632","0.0416345410603296","-0.198063501777682","0.192238058027367","-0.113196973125065","-0.32248813246185","0.0947682179813899","-0.126992910632094","0.186184538859591","0.0705438593784342","0.186636696584871","0.246625228559947","0.114118998398401","0.251362605107061","-0.0618451312443243","0.132405472577182","-0.183489875995054","-0.0392333222869362","-0.187190351341435","-0.258138248595418","-0.154045885006362","AF16","20C"
"-0.203277963274146","0.133734442829756","-0.03134247579324","0.183150473956669","0.142760572402425","0.133014457078779","-0.344930224072964","-0.0364216087339823","-0.101074751376425","-0.00756878119524679","0.107417797736757","0.0284350119362542","0.316363537574579","0.0268291084714794","-0.122477535698678","-0.143845186690075","0.0404896127771902","-0.181786666217988","0.180140017573474","-0.104069400789606","-0.305419456376932","0.081434219291413","-0.124842714070928","0.179771471707539","0.0704829126474791","0.184651388196055","0.254045962492293","0.124643466110198","0.276741625614671","-0.080096814918744","0.124464000674971","-0.16998622810259","-0.038819154364299","-0.182593621206816","-0.251968201461979","-0.142358883248772","AF16","20C"
"-0.195216489044369","0.134493205835212","-0.031551688707722","0.190481625019544","0.143277258703703","0.142620578312021","-0.326944474401208","-0.0317619961375979","-0.0773430855316804","-0.0170643811768063","0.117517824423106","-0.00139948452747787","0.305492562178386","0.0254768747093006","-0.134415784727721","-0.171880536385169","0.0416422673456587","-0.19294869581319","0.184118456133548","-0.109914128000072","-0.303360176885389","0.0788284691342449","-0.125164080640046","0.180972051598392","0.0714810649088331","0.187129258308571","0.256957256088969","0.126476224343622","0.266999731688071","-0.069886900450801","0.124454229867473","-0.169818365225903","-0.0417679804152804","-0.199571692259145","-0.250311646389698","-0.140500809635684","AF16","20C"
"-0.210758562419709","0.141410977043087","-0.0335725147013866","0.192164107806242","0.142478536185712","0.140770531961737","-0.337688441457075","-0.0356423293389192","-0.0838906090742402","0.00690659241802886","0.10417557383285","0.0212524082891887","0.299599473232252","0.0256022545262225","-0.111076664210065","-0.148718904841697","0.0418738994986659","-0.189718038553095","0.197088913315593","-0.106343767237208","-0.304465161437857","0.0787304586765994","-0.130018974795577","0.194263881942642","0.0675209462820312","0.17663535508384","0.247044944176321","0.1146526923276","0.280287231778028","-0.0802133800831431","0.131390428659583","-0.181198365266106","-0.038066414116993","-0.183137534933106","-0.2483587676959","-0.135327265612984","AF16","20C"
"-0.224162661804045","0.131467158329503","-0.0301238202602656","0.175661902847074","0.152911410072533","0.137135496210997","-0.342083340929349","-0.0355249737268799","-0.0771229487021514","-0.00659771452211315","0.0971488959385515","0.000174253001527538","0.299307458071636","0.0249620372951452","-0.123208152976594","-0.134930180973198","0.0407885563767994","-0.181315315661837","0.203719059968846","-0.107623756767313","-0.314002250638226","0.0859746150937036","-0.124025897967022","0.170784908253416","0.0714225816572649","0.184320616680972","0.255414225048603","0.123715052968331","0.27616682984914","-0.0774396286826705","0.126665376859581","-0.173919276496375","-0.0391276568750615","-0.185309729692476","-0.252408089275132","-0.139403489503713","AF16","20C"
"-0.19467779449874","0.130810671230278","-0.0320652692951035","0.217776132275131","0.148767342661513","0.15034911724376","-0.320322384720631","-0.0313526240854321","-0.0817304169023761","0.00158168154185391","0.0858261570884826","0.0180635553834953","0.302081087468493","0.0255008694661006","-0.112582347850626","-0.168888015289686","0.0437885618058002","-0.201312793470853","0.159893248377827","-0.115402506626166","-0.29048546243609","0.0696201843392561","-0.133287618500133","0.198808862117456","0.0754925445458871","0.200588631291602","0.256059165838059","0.126455632074644","0.275008570597958","-0.0781748128450173","0.121620991402872","-0.165883334598646","-0.042995290837677","-0.202545266495532","-0.248294023485061","-0.138766385757447","AF16","20C"
"-0.199678705167101","0.132639696428428","-0.0326192563008486","0.206967668300926","0.15479990823812","0.126709333599668","-0.329677097155116","-0.0335244988676456","-0.0752667579043546","0.000154997471544419","0.101090914342485","0.0128772378547994","0.317455433678314","0.0269085930378518","-0.135695722564477","-0.163708884239909","0.0420230774955698","-0.192579399449721","0.160868098541175","-0.0961492140216699","-0.294943521532145","0.071208711204304","-0.126565887860605","0.184657876527511","0.0757097009258485","0.200831929401799","0.255831958285518","0.125636890569913","0.269828000403931","-0.0691801363100042","0.112428265235076","-0.154850312441884","-0.0410323845806867","-0.194544929473107","-0.259847767403395","-0.154176177135038","AF16","20C"
"-0.193570043964204","0.128102715061718","-0.0325091187296196","0.208306814473397","0.156333656984541","0.138017378831773","-0.33531603874839","-0.0347943761244048","-0.0723883040236591","0.0111362322990642","0.101366923853049","0.0136546019050916","0.292209756661581","0.0246617965278389","-0.130626341140129","-0.163073740945198","0.0414234903294593","-0.188882021567745","0.180064710533627","-0.109705850575091","-0.292110042881522","0.068972415460455","-0.130772149492101","0.193710832132218","0.0753591649521412","0.201113845515025","0.245950924167974","0.114333059945887","0.268398511245818","-0.0714828068186055","0.127094065396936","-0.173617824357237","-0.0407352998625789","-0.194402737682101","-0.259664927835459","-0.156607814849106","AF16","20C"
"-0.197645276788109","0.136436320720592","-0.031946471608064","0.211147548195649","0.143406518339976","0.154299378481482","-0.317755370277143","-0.0315389528164957","-0.079562552564196","-0.00138320443106482","0.092814482440772","-0.00785275596856656","0.295271026408184","0.0246273240893357","-0.113855500333055","-0.169354091149706","0.0420667840462158","-0.197392663160344","0.184584442808552","-0.121554258077648","-0.290581984017895","0.0701812460516948","-0.132656427913206","0.199392138973154","0.0743445916364567","0.198089800651807","0.246671871369343","0.114951450475664","0.270440675995938","-0.0739608662975491","0.128094626068116","-0.176428198694944","-0.04112069613065","-0.194269621599438","-0.255511465176365","-0.149348595040014","AF16","20C"
"-0.208713804240243","0.130156535167477","-0.0324958310621227","0.198632415184517","0.153334606037661","0.141898792871219","-0.32438412530214","-0.0315837769642291","-0.0727613118779325","-0.00721441744512001","0.0934603611587788","-0.00158169910271747","0.298043777748096","0.0253767521095029","-0.112784949513511","-0.156685968813812","0.0422790429768029","-0.196397531396802","0.173634989350775","-0.104487490784516","-0.307644017157952","0.081010831214298","-0.130738685697151","0.194759497896122","0.0723435724314469","0.192131556435482","0.253117626585232","0.121620656346281","0.272034440843616","-0.0732322472327237","0.130180608104217","-0.177426964189269","-0.0412741951715727","-0.194392483679469","-0.251758194486351","-0.141614848820867","AF16","20C"
"-0.209513252900541","0.14430479391056","-0.0327207601135263","0.196832264046175","0.134384317483679","0.133294399838854","-0.33119250236307","-0.0337580167449059","-0.0839338547143469","-0.00419496805862693","0.0942061456929595","-0.00140825599448813","0.291552221715912","0.024963686639803","-0.108002164770721","-0.164344666861992","0.0417909250634207","-0.191719225904393","0.184771767969714","-0.104153234488983","-0.319089812241191","0.0891035177380664","-0.129642409631489","0.19366991610869","0.0687059553041366","0.183824688476993","0.250410938553548","0.119643776456875","0.270196015550733","-0.0727353681501175","0.131821553452178","-0.180794394340768","-0.0398154017641048","-0.189154334849451","-0.249423295073129","-0.139793691933572","AF16","20C"
"-0.223786785392781","0.149686974197657","-0.0328955052702957","0.190689076726189","0.127518023393699","0.14041339336618","-0.323479449715332","-0.031049866966209","-0.088935672295054","-0.00620741474796438","0.10063654787948","0.00700480940858223","0.309985306688991","0.0267261550806554","-0.107362912487434","-0.16132891292702","0.0413343880348958","-0.177157751502023","0.186053020910101","-0.119747003705774","-0.311800287145106","0.0832332750751537","-0.128295317576962","0.189562011496352","0.0686610235495641","0.18024263334693","0.250891884542035","0.118402395164574","0.281547414128785","-0.0820566600399747","0.125771018792812","-0.171694528212106","-0.0387195031106592","-0.174975397922452","-0.251089348653876","-0.14093290923654","AF16","20C"
"-0.2168899409687","0.120445757519066","-0.0335709723530064","0.188039766861851","0.132602248222682","0.142288906599357","-0.32635117700685","-0.030902552552668","-0.0888397286442579","-0.0170703028156662","0.112091680579714","0.000981472475586376","0.325640615321215","0.0281150325196974","-0.113683001622049","-0.139933327594795","0.0413787476844689","-0.19254011454108","0.182743119683535","-0.110244664596702","-0.315382341191565","0.0873498035378848","-0.127475894818675","0.187487296590562","0.06658348958329","0.169261105213867","0.25318098845717","0.12083646247447","0.279820872898058","-0.0817148694124584","0.129330409849672","-0.178117445482497","-0.0358506850910137","-0.176395471557269","-0.248937324621762","-0.133874847922214","AF16","20C"
"-0.22304936070857","0.120781766042658","-0.0336593478156307","0.191640212537754","0.14952814591724","0.127420287930573","-0.327404071653889","-0.0323306370544635","-0.0706184215539801","-0.0103729587481485","0.102842387752679","0.0107682963531503","0.311469337271023","0.0267604197475599","-0.143876414056687","-0.131123408612055","0.0416705813652539","-0.185849987295659","0.204263144568249","-0.101488913745762","-0.295967685702205","0.0719292797437504","-0.1312119382292","0.194916161464313","0.0685902615106253","0.181713849075106","0.253725371492452","0.120077645692203","0.278148756738126","-0.0773852172510684","0.130193947380105","-0.179079831518156","-0.0399800394982941","-0.18998570965163","-0.250890731502991","-0.13628464497887","AF16","20C"
"-0.218316706630132","0.126491937998824","-0.0319040877805282","0.213254237864515","0.163395601728406","0.158908030792752","-0.330385271880888","-0.0323565346132536","-0.0718843855609341","-0.0120775853430437","0.0815569111457774","0.0119148996233644","0.314101604289382","0.0268137116029443","-0.117139108063938","-0.160993147094016","0.037536722067511","-0.171350976437337","0.179946834650592","-0.116602775959744","-0.292712869092475","0.0720808938412873","-0.127993086291516","0.190052070579531","0.0746540008867661","0.197331582961445","0.246868724557083","0.113451917448057","0.290547564945304","-0.0924996450457668","0.115106228350875","-0.145830116244546","-0.0398031330608362","-0.172967715233599","-0.252014817930353","-0.141017669076073","AF16","20C"
"-0.212523277352372","0.126865972182044","-0.03095791042296","0.194678352942044","0.147338363565094","0.141286899290818","-0.339938736113711","-0.034253862061135","-0.0865898916276093","-0.0165838411178746","0.0889749740378094","0.00875785571234405","0.298417189809324","0.02432371175144","-0.124550793291096","-0.158869265485232","0.0405406016059941","-0.184406833183909","0.174102575324983","-0.115178556089877","-0.303846814449876","0.0807834752253569","-0.125307324367728","0.184085865214189","0.073928557300688","0.194679904400896","0.257157948053055","0.126427000090469","0.272817392388033","-0.0766714819665474","0.124772603051234","-0.171600040019424","-0.0388900951521298","-0.176637253824513","-0.253558003593473","-0.144412092527838","AF16","20C"
"-0.184776439924955","0.128990967896295","-0.0316324648206591","0.201811734754385","0.145930720854217","0.137712465565105","-0.324339610857947","-0.0318084466884199","-0.0772285262685484","-0.0188653645904935","0.0985713942786021","0.0155774342415954","0.301308833487359","0.0251274574482432","-0.111767075881319","-0.156924039948983","0.042760080493387","-0.197249954609736","0.174007975578025","-0.110341274730546","-0.305049822404651","0.0820755375822133","-0.124838852985612","0.183249174492216","0.0757249607352604","0.200835693032443","0.256554431376093","0.128158576536514","0.274453589648047","-0.0784269491572427","0.122859370390447","-0.167754702841491","-0.0451552132236634","-0.207097926267101","-0.254792909224331","-0.149071680841572","AF16","20C"
"-0.19033236639762","0.132097842309384","-0.0321296714802959","0.202377262462922","0.146238974894797","0.135425919251272","-0.334077513510579","-0.0338477529851383","-0.0715977815864215","-0.00208442326125708","0.0959822904867545","0.0078609573931224","0.304491478306109","0.025685931469415","-0.105077771290139","-0.155552580526219","0.041687066433462","-0.19313338933145","0.185620274348196","-0.103252224624165","-0.300582259152579","0.0760717490554851","-0.127869973429223","0.188354968467986","0.0710768075787555","0.18876549721792","0.253536642194583","0.12232269920785","0.278261685604009","-0.0798616346554862","0.131362897193721","-0.180616387001208","-0.0425047856634061","-0.198239954270698","-0.251579343925449","-0.140603364247626","AF16","20C"
"-0.193030093197179","0.12231750242981","-0.0321040172120591","0.208273142939933","0.143190381263135","0.124601203743746","-0.331653599904243","-0.0336095370484427","-0.0787472309374118","-0.00891129680992264","0.102562806529908","0.0144196451866361","0.302913401597775","0.0254260820770902","-0.118205322265404","-0.154504382889273","0.0422301273496951","-0.198281482805232","0.175363350328903","-0.115102777206886","-0.299800378784971","0.0772746017304654","-0.124765957757486","0.183241918902223","0.07359450888578","0.194758626113516","0.253444430616978","0.124811162059709","0.27333689702652","-0.0771461665175966","0.125400358149945","-0.171539872964317","-0.0418531816291003","-0.194612841321573","-0.258393511783936","-0.155741805061435","AF16","20C"
"-0.188286323587923","0.120426245932986","-0.031496890827862","0.192270300554561","0.138009232426346","0.133166436974704","-0.329841493732959","-0.0329720902391284","-0.0863598215768191","-0.00714054185997914","0.109090749091482","0.0120116148038831","0.31054991240439","0.0265926817055199","-0.110974846369135","-0.156930790103657","0.0412470614694525","-0.190828477955337","0.194119972295958","-0.119993259118793","-0.299977733585676","0.0767399448109451","-0.126776355011317","0.186803167623962","0.0729521114676858","0.193447771542494","0.253941707980771","0.124747127806545","0.286806756031126","-0.0872775485544353","0.123929869409694","-0.168837234981804","-0.0405086770044265","-0.190001095659522","-0.249948380630509","-0.139893554476125","AF16","20C"
"-0.215010999623506","0.131443297079118","-0.0322596712369111","0.216038591566467","0.139499589472538","0.143320858973858","-0.331377115559059","-0.0332050851494675","-0.0801285651111761","-0.0124429874624144","0.0971636400710401","0.0041084528303622","0.292050605606687","0.0243482630577794","-0.107473285850843","-0.151338343710669","0.0417562660304055","-0.196916073228955","0.188283156657112","-0.111982538701547","-0.305881062476012","0.0797158065622001","-0.132958412520557","0.198475480083322","0.0730317850510643","0.194809322241499","0.245797256713389","0.112312807136232","0.270247011926669","-0.0725071813020542","0.133377837230382","-0.184200507039538","-0.0379159596509723","-0.182914688601407","-0.245622899112018","-0.129147164624397","AF16","20C"
"-0.187167373583125","0.124031370932272","-0.0319026979102375","0.21617087245571","0.147522170006359","0.135310872894585","-0.337023905161196","-0.0345152260741574","-0.0861433563448596","-0.0156331972941021","0.103752952645426","0.00349094846204834","0.300008895501013","0.0250883158807092","-0.118203050277636","-0.159831572521932","0.0413768068937998","-0.1930703001134","0.161413694381898","-0.0987092252102641","-0.299284336000089","0.0763687995409718","-0.13163353155681","0.195157468714297","0.0746326616144325","0.19718686792321","0.250357356043781","0.119466944341092","0.273199504946359","-0.0769191508065947","0.125270313684238","-0.170933741077366","-0.0397703996152201","-0.186512573267696","-0.258040471177613","-0.154561622742148","AF16","20C"
"-0.200395962992376","0.114737656482031","-0.033977064510082","0.19164213035247","0.137410610969835","0.129901005247154","-0.330807139194362","-0.0332547634892226","-0.101978693935465","-0.0249701658482926","0.0970574146703347","-0.00759424248974572","0.301212827058696","0.0254756880509748","-0.120707244238548","-0.146845824098803","0.0418687840220162","-0.19067944863004","0.200956848857048","-0.109945612646546","-0.304139851072941","0.078177735698321","-0.133758961864077","0.200142083298185","0.0663377272098437","0.176140394220152","0.250316989272491","0.117301655327675","0.28314780898312","-0.0820290068095925","0.137697275666783","-0.194525631483926","-0.0382472393113397","-0.183184507626511","-0.249222006781715","-0.136239913170675","AF16","20C"
"-0.200401339755937","0.118882843809554","-0.0311674880800434","0.196673645489909","0.132579413441106","0.132393085483267","-0.342719907665755","-0.0353312675819251","-0.0902688133056354","0.00607082656807681","0.113103371016002","0.00526201224409155","0.30351266018415","0.0250768321683466","-0.111671248226119","-0.140665149647467","0.0415917608864833","-0.20049403144256","0.176559177613095","-0.0990605747215203","-0.301915431695758","0.0787360476471918","-0.121860337730302","0.176635339588555","0.0723832830693807","0.191328805150263","0.251261130667685","0.119459320806169","0.275654840570743","-0.079214443228247","0.137767176229202","-0.188163654803816","-0.0449895472442358","-0.20046133804467","-0.252735404271958","-0.14288198111109","AF16","20C"
"-0.206662241430486","0.113134771691532","-0.0319333626138487","0.201990126575044","0.149477766638069","0.122628561592377","-0.338775661237442","-0.0343550120563293","-0.0986699350884567","-0.019410511070834","0.1057019739374","0.000267222256397769","0.310351534828062","0.0258641056557722","-0.114437782498365","-0.146380720031658","0.0411376738957893","-0.188343454541097","0.171565065487145","-0.0967716442992917","-0.305591003523495","0.0807250081621506","-0.130431622007902","0.19404883214219","0.0709673720298195","0.188702149244259","0.255302956706799","0.124368950849255","0.278459011588884","-0.0810710109005761","0.125393836117185","-0.171558098747159","-0.0373389636847544","-0.177726598478079","-0.253067671486059","-0.141783966542521","AF16","20C"
"-0.206277842370377","0.131981106069612","-0.0318595358034122","0.210915389289202","0.134184395422412","0.138491007395977","-0.328814518643646","-0.0321181949188453","-0.0947046099308521","-0.0200059989595748","0.101379081749106","-0.000346964254168303","0.317717355465928","0.0272601561647947","-0.122034517400061","-0.139718320220289","0.0424604404249787","-0.200413261681487","0.191515590353073","-0.0903229436863529","-0.297168807698316","0.0739755557856178","-0.126164539272054","0.185316234114859","0.0702955639286821","0.186817137965476","0.243616501210685","0.103474520682387","0.280176165397634","-0.0820976837991532","0.121463457638062","-0.1665403966361","-0.0410355605345518","-0.190972508389547","-0.257611023456659","-0.148723652990636","AF16","20C"
"-0.207936145956433","0.135983432433331","-0.0337809168175313","0.244615813556585","0.155990884768486","0.14338061906064","-0.302417367961755","-0.0287059826002391","-0.07112161103155","0.00530365605269163","0.0660006062107737","0.0302344358434869","0.270662638350478","0.0207114322674703","-0.102128531121815","-0.186349844200686","0.0454652813256242","-0.218239926588069","0.190281517853954","-0.1354312190705","-0.286089467579297","0.0675130361022878","-0.145640472642459","0.214682980763259","0.0842099365392955","0.217335046531685","0.229083224075529","0.100390970806129","0.258429556575005","-0.0669017250151276","0.136514443762909","-0.188505543357828","-0.04340130456603","-0.208172747738434","-0.24512721442731","-0.136782988941707","AF16","20C"
"-0.202787627330674","0.120998765514244","-0.0320660736204988","0.198185717832392","0.137484765719201","0.133846005999256","-0.333978244432389","-0.0332891757514225","-0.102063418129042","-0.0245975317482067","0.108701034341549","-0.00789394007494466","0.307900685371809","0.0258662573086301","-0.107192177354512","-0.145376142033865","0.0411682928902017","-0.185953839930951","0.19196826371596","-0.0939272992465168","-0.316665246574751","0.0901944974081834","-0.126709249642059","0.186317664016903","0.0686050579716975","0.181760379024709","0.249604825404115","0.115785808152268","0.279099076889394","-0.0811854752409302","0.131981672238714","-0.182286305420595","-0.0395615941036531","-0.186267044954547","-0.249295258045186","-0.134811350737915","AF16","20C"
"-0.178084434527116","0.118646871830145","-0.0323651548722744","0.206424044507532","0.132209030294054","0.150423396481084","-0.332468934066541","-0.033985381805056","-0.0929814329946257","-0.0208487185471469","0.0862208581361524","0.0172682874325572","0.312905748329679","0.026833763345424","-0.106843616560907","-0.165248037253931","0.0418899356419845","-0.192909776460364","0.149677137962684","-0.132753135038638","-0.307219767455111","0.0836294648552804","-0.128413309067519","0.189142016432563","0.0767261118902923","0.205263412604338","0.253754940425981","0.124787617569664","0.275012742837093","-0.0781876677643085","0.121628720368152","-0.164455221428423","-0.0408993503345381","-0.193511037289724","-0.251729012768902","-0.144032856204186","AF16","20C"
"-0.199394784270645","0.141536072937352","-0.0318513932716264","0.200926655053499","0.132077707318527","0.137153372831024","-0.334307261651123","-0.0342414032561721","-0.102072737710984","-0.0221870207928094","0.0936070463491399","0.0108790047859687","0.306028733888121","0.0259624733779739","-0.105767382418785","-0.154014451419029","0.0417065873877024","-0.194906575081249","0.167196588977521","-0.116685437915744","-0.301225080177571","0.0781716726969287","-0.12689162719769","0.186958029382135","0.0726398247482036","0.192980626219661","0.251930462868198","0.122134671355457","0.275456343802619","-0.0788166197673721","0.125976206881217","-0.172207411399294","-0.0402651602359359","-0.189255710229206","-0.254017730538807","-0.147883694281296","AF16","20C"
"-0.205424103739682","0.134892435700398","-0.0325394433385357","0.194803619834262","0.142396577895684","0.140894781975983","-0.322902284053415","-0.0309498026676751","-0.0923898451157571","-0.0288639216558502","0.103907380340961","0.0170213650581066","0.296594684068002","0.0248468330537961","-0.106729741491249","-0.156603538201557","0.0415679542676594","-0.195345584313914","0.190646601081824","-0.117722894857784","-0.309046350008562","0.0833208491061301","-0.129740018048225","0.194548146663482","0.0690024607975949","0.181147151988481","0.25084977392106","0.119966321566952","0.276163676288732","-0.0782495484485841","0.131368303546209","-0.182800860989503","-0.0406586043451059","-0.191104165387697","-0.246592368637779","-0.134471472504022","AF16","20C"
"-0.188687126993062","0.121369923668816","-0.0331464552535164","0.215197489463763","0.173250172269659","0.135380000754177","-0.342377404449438","-0.0353581143547157","-0.119406479791055","-0.00678907965472539","0.0989488868491012","0.0251247633222777","0.300848582130716","0.0252105644513359","-0.106125112888358","-0.151346159870853","0.040343743439256","-0.185596371316391","0.15008707004638","-0.0944862252208504","-0.297919626650494","0.0727019330960715","-0.127544893593864","0.187719625128429","0.077195209690667","0.204810470688202","0.251276749420017","0.119272503912607","0.277937453781701","-0.0803126794414517","0.112928082835105","-0.15597598282997","-0.040045715047089","-0.188620566986173","-0.260684394628078","-0.158150619050425","N2","20C"
"-0.179002475173509","0.126823408975628","-0.0332714181008354","0.20746460611722","0.162369395078582","0.130258566005032","-0.336165067757545","-0.0355607193712711","-0.0998846345853462","-0.0113651459466907","0.104976116980772","0.0132010916195754","0.310633743643887","0.0277557688963018","-0.0995847145248476","-0.153861705400761","0.0416483416198265","-0.187011909531579","0.166014017455339","-0.104421996439232","-0.300277006638481","0.0746631759099398","-0.125126483767078","0.181943604347406","0.0767360266603511","0.20532884236843","0.249907710054028","0.119085555855784","0.28042273512877","-0.0821149046530922","0.125142895117101","-0.169423751386579","-0.0388316960014087","-0.186114867315378","-0.256536921659534","-0.152826859310662","N2","20C"
"-0.186986224063793","0.10868916197344","-0.0328664787434967","0.214218047689819","0.146695424384468","0.113207821385375","-0.346678159942069","-0.0366382263850307","-0.0966058521150864","-0.0155796946555853","0.111288547605436","0.020838854573578","0.318890924108355","0.0277080281580291","-0.0937667569802988","-0.140641789445951","0.0409226932815131","-0.188204865833687","0.159092303392144","-0.109221588531559","-0.30383867942379","0.0808839451015104","-0.130488803590685","0.192264081983311","0.082524325310541","0.210563972843144","0.251797150585241","0.122413226336706","0.280358663438294","-0.085271863426558","0.114646140612567","-0.155155771099089","-0.0352630214073756","-0.17480836371245","-0.256394550724924","-0.153704050782483","N2","20C"
"-0.192291265657455","0.126716136548313","-0.030626793122352","0.188796927214349","0.156284359970852","0.143428446427399","-0.342889195754493","-0.0350085384339832","-0.110645026215741","-0.0115595921445534","0.113154253975695","-0.00236834624931866","0.301876553183826","0.0248236898548739","-0.104451796894772","-0.154212811522319","0.0402577314884524","-0.17687127599302","0.173898679357689","-0.11430470363165","-0.308769767908208","0.0851194374766181","-0.123772585494676","0.179616690528016","0.0732791381910098","0.192831944751603","0.258018721251256","0.127393116276646","0.271889311760784","-0.0754470388911196","0.122123378516494","-0.16559720964822","-0.0381874474855365","-0.173296946577894","-0.259743400290395","-0.156552205322459","N2","20C"
"-0.187615703710709","0.112735724089058","-0.0302406193205442","0.189604372438643","0.164270244424154","0.122599098358999","-0.360175061602269","-0.0385664523103822","-0.0906426690657769","-0.00823607380675087","0.118580891023942","0.00786437494631169","0.31292497996939","0.0259814347989571","-0.120345093943108","-0.145549537577043","0.0388914312381744","-0.169376530864427","0.170384486250595","-0.0981404504126803","-0.311491155967751","0.0866616458090444","-0.121719822323014","0.175941560163672","0.0753962580190758","0.199950985263615","0.256633781472339","0.125508315386045","0.270743636169877","-0.0713177605744684","0.11746057614642","-0.156580191658938","-0.0383591858026282","-0.17450683037436","-0.262084521193504","-0.160106235300624","N2","20C"
"-0.165392300849615","0.113516712503163","-0.0302529281334346","0.192632017244122","0.150615378524591","0.147017751407467","-0.355202909359125","-0.0366887763702398","-0.103568155627846","0.00714386304171376","0.0989505988375021","0.0257172205632759","0.316501810724562","0.0258177054564863","-0.118776114333248","-0.14734166798771","0.0405104696156578","-0.186858257516046","0.145828098103103","-0.10122305311608","-0.299900411781546","0.0769575681475732","-0.11630111455605","0.169626935393531","0.0735192392322534","0.194458803575587","0.264735236035696","0.138478032675256","0.280503397581945","-0.087664697567742","0.121453323209611","-0.166661240451443","-0.0386153107326251","-0.181031916108588","-0.262173915196233","-0.164210258160087","N2","20C"
"-0.184061712279656","0.137016546737836","-0.0317897396545328","0.204316921255906","0.13408557485715","0.135288850424941","-0.340388484168975","-0.0354569762995671","-0.109770686400679","-0.0401108721680882","0.105146712239778","-0.00196231254492255","0.305391406732295","0.0258160562666418","-0.0890314278115531","-0.152904460153229","0.0404872053404319","-0.183728343479694","0.155978878863382","-0.121970324391886","-0.311842308124469","0.088522146496588","-0.125296382169316","0.183879784729001","0.0715582542894933","0.190165491274804","0.252146822022007","0.12333761477954","0.276140051553287","-0.0804986505903975","0.122995374658378","-0.167476667296575","-0.0384898064141218","-0.18151753032556","-0.261114223312143","-0.164398808978729","N2","20C"
"-0.180671662107993","0.124099400691743","-0.0333849829900876","0.213964870064208","0.155991793372519","0.130356147205689","-0.346714620480641","-0.036892093068031","-0.0907056688668109","-0.00428601405522697","0.0958371233071227","0.0139428166200417","0.296207436881725","0.0251535504927934","-0.101312609246879","-0.163410537855842","0.0402696001575636","-0.183294025081068","0.155239451446762","-0.108476389473315","-0.304542069163549","0.0804025984360319","-0.129258732385108","0.190332014260596","0.0811356517641588","0.212802605983015","0.251864917423818","0.121542492640329","0.271352654285307","-0.0738897420700149","0.119215323177701","-0.161312143206146","-0.0400077411500626","-0.188851572140824","-0.258560868189136","-0.156330610747786","N2","20C"
"-0.175655930523159","0.115943748442982","-0.0325610021129257","0.20894585846877","0.159883962332637","0.1297116112595","-0.33672420603796","-0.0341594866045559","-0.115004689872008","-0.000516656635625065","0.11108465547369","-0.00635941137316126","0.301933226390371","0.0251365423795285","-0.114299237454945","-0.164773105227725","0.0396433675427112","-0.185160652055075","0.156660833125128","-0.0773566915931346","-0.303441296104881","0.0799188743338075","-0.125866082886971","0.185775080343408","0.0812906004947348","0.213312857632068","0.257527856369126","0.128169994531618","0.272866261246244","-0.0758984820830147","0.112078587709026","-0.156687239502528","-0.0420250784551339","-0.200767126075533","-0.259625167138698","-0.15578370929224","N2","20C"
"-0.208091568928812","0.147282634521031","-0.0331724630531941","0.17904474628267","0.128229989608896","0.140117654732769","-0.344299482355395","-0.0370693786490679","-0.0958440515081727","-0.0217215789423831","0.105317399809069","0.000820414115177888","0.307755953615635","0.0262156674309364","-0.1031136222179","-0.147939783608779","0.041981922342447","-0.179088859632601","0.188591494252222","-0.125882259435566","-0.321385619530852","0.0920195888822815","-0.125150371418279","0.173868127166016","0.0662463615327456","0.16592790358045","0.25639811050518","0.127814248797245","0.277520600390145","-0.078885506483262","0.127752436581323","-0.177758965269584","-0.0361200317597337","-0.170576759437089","-0.251910922263064","-0.141261483125988","N2","20C"
"-0.183095932644365","0.13515078955941","-0.0348353441383682","0.229405607062887","0.164854500724358","0.135536934172245","-0.339135657630991","-0.0348402952672057","-0.0985069945891502","-0.0174545294781238","0.094376758814863","0.0115628866015894","0.282958334178016","0.023178909080413","-0.105052788568257","-0.155797192465206","0.0423604616025445","-0.194458364417838","0.149767560497673","-0.0906369602657053","-0.303581083185152","0.0805614688893938","-0.132887811515262","0.19656802155102","0.0859949000943256","0.221159481967924","0.240778068984474","0.109654018958906","0.260567921530144","-0.0623761808402197","0.115662568569868","-0.16062887188672","-0.0437654834128027","-0.202187624868257","-0.263918293456458","-0.167102054609995","N2","20C"
"-0.198105847745469","0.149681623059587","-0.0322907916520073","0.202758033825637","0.168961252527538","0.132187918022693","-0.337742198088796","-0.0353762282191344","-0.0857865453388145","-0.00174585998687533","0.0916937710306841","0.00788560498533889","0.299392200870571","0.0256678030588542","-0.0926137119558594","-0.17483290222848","0.0425087788472007","-0.194012139480491","0.158961286703874","-0.097914919689545","-0.305177346246017","0.0802008561875546","-0.126256854979865","0.183352489788502","0.0739094293685992","0.197422723562931","0.251843942102918","0.121619928659764","0.270715398222644","-0.0727348999747506","0.115761848780119","-0.158732949066351","-0.0407913929726895","-0.195207995506612","-0.256478739292472","-0.152101749991631","N2","20C"
"-0.185835657670174","0.123042789956977","-0.0313571976614104","0.186639931296047","0.145360980970001","0.130657962678511","-0.351199222788788","-0.0377657519643914","-0.105087373211374","-0.0277957679119392","0.106913663626112","0.0183026146563457","0.30388493586208","0.0254114598436902","-0.106155259732395","-0.160928300625062","0.040607894640216","-0.186513442239561","0.170693662827753","-0.118741503221223","-0.318251907800045","0.0947988488660045","-0.122329789782105","0.175785361135943","0.0693353645243457","0.181728484502719","0.253519254492765","0.122983656216885","0.277130447842456","-0.0797683294462101","0.118249497744074","-0.157971385541723","-0.0390098000930784","-0.181257343408804","-0.25871856921091","-0.155265259718451","N2","20C"
"-0.198181032326684","0.151459239152921","-0.0323991557178323","0.20840717754619","0.14740256558526","0.126422006831335","-0.341152526160409","-0.0368620107252436","-0.0877355689274734","-0.00675626595438041","0.109966454017234","0.0223080815788061","0.302017162194373","0.0263593472527263","-0.0883460860738813","-0.158326267089709","0.0424574429691245","-0.194221253858186","0.168899925535944","-0.113640894139093","-0.311943684174302","0.085080840999727","-0.128753520433458","0.190289918377815","0.0690835851822832","0.186692710457143","0.24751401110808","0.116267936693793","0.268338027270224","-0.0708790800657766","0.119691458395582","-0.161169329641621","-0.0385124965461427","-0.184967502073486","-0.255935794167147","-0.153267109999003","N2","20C"
"-0.198623581882534","0.149327520087132","-0.0323097852843278","0.198620371780743","0.142271156591497","0.125497276987093","-0.338875722709672","-0.0353883926553824","-0.102410928519801","-0.0351240970992099","0.120625009795315","-0.0133336468856231","0.309858814383897","0.0263766448517913","-0.108508921005136","-0.16122611528126","0.0396094991719495","-0.178066344828986","0.175281264343696","-0.102800244715579","-0.308809727005011","0.0833566573717574","-0.126803198818537","0.185673186404389","0.0645519703097598","0.174088165739996","0.254222338904154","0.125771352471218","0.27145201881484","-0.0741553034177399","0.120905828301755","-0.163016469599501","-0.0398257347288218","-0.186744848055473","-0.256410430001034","-0.151838601854064","N2","20C"
"-0.20109273582732","0.133326527809066","-0.0328373697722755","0.211302542629678","0.137549504024768","0.124836481086073","-0.33812671281712","-0.0353436280886385","-0.0722584442508414","-0.0299046477694268","0.114120460146172","0.0202212669026035","0.295073976220248","0.0250441618172027","-0.123835717970002","-0.154454047538817","0.0422678993716573","-0.204206537149603","0.204241078731045","-0.107509637736865","-0.30457174475292","0.0776395342433002","-0.129007195003841","0.188972362386305","0.0695075654023059","0.188729408578789","0.241820036919259","0.103213437111688","0.264173014598725","-0.0679948227891765","0.137576911743013","-0.190165377996908","-0.0400924716984538","-0.191032470815071","-0.247114501122006","-0.132197132689449","N2","20C"
"-0.199020647898202","0.147102887971891","-0.0335192153637517","0.223906298671102","0.170802933383605","0.151997168824834","-0.320656382032426","-0.0322985583144067","-0.0870034154333274","-0.00249696802885979","0.0981312014198694","0.0209461371135032","0.280470791877766","0.0235971386017681","-0.0913165637471541","-0.16790114896484","0.0418119245692735","-0.193722675345793","0.143559426840815","-0.118045242633309","-0.292157100601516","0.0726213428269659","-0.132852066803926","0.200350929825842","0.0817007929615806","0.218202916656949","0.249646188843699","0.119173053488413","0.264716803913206","-0.0690616239100016","0.119273614879197","-0.162953865341172","-0.0411716239446694","-0.19347185674998","-0.262803533984687","-0.162980320629753","N2","20C"
"-0.190382906395402","0.129329764489903","-0.0311861635081796","0.197446677510033","0.18390543830314","0.144867152036821","-0.340150166457344","-0.0350244778238476","-0.101864589027343","-0.023661246921443","0.0798355303879412","0.00686970274339618","0.300250624596129","0.0257240211587278","-0.13153424306101","-0.159313148353073","0.0399688933145876","-0.179838294940871","0.166744264207559","-0.103551463531228","-0.299344826265264","0.0744143582253906","-0.123332196377539","0.177544060325184","0.0766527301457627","0.20798293217958","0.263701763202936","0.131537647705558","0.265408996910333","-0.0666124463203272","0.118683038486799","-0.159830015357919","-0.0394444225632985","-0.181484840787665","-0.257282428807192","-0.150540008915785","N2","20C"
"-0.209009342545982","0.131362817179197","-0.0315396471538625","0.194195589860948","0.153527679746763","0.139579349676595","-0.310680457568229","-0.0279250140642389","-0.0934519693212742","-0.0274459667157267","0.0929453253571327","0.0088037193266011","0.316801949938105","0.0262902596393337","-0.140243327239325","-0.164294458816714","0.0412624849750486","-0.19197500018396","0.175447510833279","-0.094648850166391","-0.296023727602439","0.0746186346987648","-0.12501839628917","0.181282344767198","0.0715736549866578","0.187797914921311","0.260422015018958","0.131775333014265","0.278526946800631","-0.0817332162065773","0.131467668768569","-0.179900131917185","-0.0410793459506458","-0.19265203601971","-0.246079607802993","-0.13596872375201","N2","20C"
"-0.184320126586374","0.127046394925741","-0.031275631097348","0.192549424086997","0.150393492779526","0.1474827780101","-0.326309509691312","-0.03273673723518","-0.0955417760829815","-0.0170600412599502","0.0786922514285102","0.0144220848316301","0.310108638516995","0.0264540474684276","-0.117238339439015","-0.143116695372029","0.0424681682093791","-0.198348321273715","0.192389035290808","-0.126123419886278","-0.293823182196092","0.0703288641907747","-0.120982231139643","0.172315867755683","0.0714756121719902","0.187688004537829","0.25653569136137","0.126842787227761","0.279647711013588","-0.0806020448675273","0.129873343143723","-0.180470561891124","-0.0449752761916631","-0.203348000406263","-0.254559508995407","-0.147231203389074","N2","20C"
"-0.188505711172787","0.129111610867518","-0.0316642108329071","0.207757506175733","0.144818827048061","0.134484577795226","-0.326163219710621","-0.0317915036090657","-0.0832504254291166","-0.0164968287731085","0.0939438998546887","0.0125110630154141","0.299507254491374","0.0244166151691518","-0.106878859214807","-0.172636950838488","0.042270081107934","-0.199592549794712","0.181016178431729","-0.107771772109564","-0.304776576776894","0.0813736195572545","-0.128232300648398","0.190439868354338","0.0739717307449281","0.195141425454437","0.242283842618282","0.106886815936775","0.269834629634858","-0.0737398457920734","0.129432294310837","-0.178039361930041","-0.0433122951381052","-0.20387620799281","-0.256966362958737","-0.150623165717509","N2","20C"
"-0.178911578934019","0.16004884751011","-0.0324428471072837","0.215833926176857","0.128724262245565","0.157813320127169","-0.301398536438074","-0.0293274098806861","-0.0912334195842449","-0.0181035583218963","0.0794511287629537","0.021694505006433","0.285885551285809","0.0245628862172614","-0.114013921396689","-0.179697615397836","0.0461047567707123","-0.219965783410536","0.182299395174148","-0.130168172916806","-0.282425291980523","0.0654345458858315","-0.132419364037879","0.200229043855929","0.0758295080122128","0.202744696102494","0.250066888866548","0.119720907944065","0.265955448726147","-0.0708881056726051","0.136890270736633","-0.187946194585004","-0.0464753589254434","-0.215382775215062","-0.249277455936954","-0.142175800441353","N2","20C"
"-0.224546517336713","0.133123898855641","-0.0331156998290143","0.200220476045347","0.133571344718516","0.133840605177331","-0.316535479168285","-0.0290968430733902","-0.0784053837370559","-0.00794882962769901","0.0848688536116892","0.0263743885702624","0.314368308390832","0.0283507248233616","-0.102131992362871","-0.147624365531115","0.0417851333102368","-0.18791106481623","0.188985697510709","-0.113498711208658","-0.308072333488852","0.0805148447946199","-0.135486162017097","0.208215369988512","0.0685302826604939","0.183849269003037","0.245842115722475","0.109140933096417","0.289213276622715","-0.0880847133920272","0.127811361414197","-0.174721255663461","-0.0380607344008997","-0.183254237424837","-0.247535472714571","-0.133467683510492","N2","20C"
"-0.206309552878597","0.142749126048382","-0.0319896420463585","0.212817501804131","0.140404935477657","0.142330202519569","-0.316577239365307","-0.0310011163647483","-0.0682270916162525","-0.00810100933666118","0.0838984377560605","0.0151641419035505","0.29646671053432","0.0246129880008218","-0.116822913916613","-0.174729084165341","0.0424876954813262","-0.199890616635265","0.181903272228442","-0.113072340933326","-0.291809367815242","0.0714607080968881","-0.134248848447168","0.20408511839844","0.0749026627049849","0.199031541068665","0.243971939513843","0.110365703081326","0.275587021512386","-0.0774124883978795","0.129038474437069","-0.17665433879174","-0.0408606930809514","-0.193969094818624","-0.251810098385541","-0.143873610189402","N2","20C"
"-0.181556760520875","0.143213933242391","-0.032107335783736","0.198210816732073","0.142352165344423","0.1541228809078","-0.333106081042916","-0.0345084829123356","-0.0913743736462408","-0.0245912432472161","0.0851043682879424","0.00910376698244822","0.303460058514372","0.0262539774149737","-0.110882341202773","-0.169628540926883","0.0422561069281044","-0.194885527367493","0.163979709137576","-0.119207681203411","-0.305522869262991","0.0803883016960398","-0.124873246153055","0.179649868621491","0.072274571621943","0.192638836316614","0.255843040974121","0.126853037194625","0.277173092122357","-0.0790749347809492","0.125185836577744","-0.170023581335647","-0.039845372801899","-0.189290370183613","-0.25162160594623","-0.143967167823451","N2","20C"
"-0.182527804854567","0.132761448514102","-0.0321629804781078","0.207763421513653","0.153061240571427","0.121884325001521","-0.351123306269676","-0.0369231316151492","-0.0982783435768103","-0.0170952895366199","0.108633346880252","0.0110580684477149","0.30233262045775","0.0252311155594915","-0.109113620569106","-0.167039226917734","0.0406267769573957","-0.187529696786966","0.159069980457912","-0.095163709973111","-0.308748796057082","0.0849645218766502","-0.12260544041723","0.178510275787646","0.0725392184630552","0.192516268079903","0.251447232829019","0.119919199849057","0.268337712043498","-0.0703672371670688","0.11766003003981","-0.161335924585585","-0.04065148209153","-0.190786000988508","-0.26230362693404","-0.16149387439338","N2","20C"
"-0.201062364524026","0.120931181045593","-0.0314318591738218","0.200396811228163","0.162345150735974","0.135196846350014","-0.349682429339187","-0.0365262554082253","-0.0771298184505354","0.00210401466037281","0.10305960095909","0.0402854305866929","0.305760576635324","0.0254183585595671","-0.105309123757904","-0.171680520745268","0.0377696807566007","-0.170275008366703","0.152334214134461","-0.118958452628772","-0.311745611150805","0.0874169982365642","-0.125612020395748","0.184558075790888","0.0777063322676266","0.206681925473238","0.244721638798187","0.110560713543994","0.272814672298022","-0.0756326117069098","0.116058544821273","-0.151278889387242","-0.0407967107558656","-0.176911795321472","-0.262003211562672","-0.159606900763131","N2","20C"
"-0.196780511167378","0.127360424475209","-0.0318905691090837","0.192790866216456","0.160613208986941","0.149002526872637","-0.336782660153249","-0.034795176883503","-0.088413721291052","-0.0211660260090662","0.116579516952223","0.012369564762522","0.310269714761263","0.0268427382200561","-0.12657782905059","-0.154031326176969","0.0402165564603438","-0.177988091039059","0.175348353652971","-0.107529156869957","-0.313839671076819","0.0858367479275895","-0.124079076738016","0.177011825232543","0.0719696635486216","0.189509141441398","0.253500379322426","0.121782731895547","0.274423061609894","-0.074621134911229","0.119705825292366","-0.159002617479872","-0.0386200536035138","-0.179335023505303","-0.253342619888285","-0.143503811176818","N2","20C"
"-0.168144847472518","0.118142519123402","-0.0323860662693725","0.206273150784904","0.15398981507414","0.141509322917969","-0.339518214538681","-0.0349394961241423","-0.0899275778152071","-0.0109085372565696","0.100345929243189","0.0124310555224175","0.29473568184675","0.0248202025646109","-0.1197111961096","-0.157804580005416","0.042384491625441","-0.195628190715216","0.173267026036479","-0.108932761664392","-0.30647688564616","0.0837573970624134","-0.119364193290175","0.175511964752598","0.0770794125274623","0.205198273442756","0.250276631293421","0.119217710771412","0.262923002562535","-0.067307794281497","0.125455456075344","-0.171504647698248","-0.045129941796572","-0.209548254690899","-0.260969370664169","-0.159656825387925","N2","20C"
"-0.173726978160828","0.118869411605041","-0.0326809271225278","0.21525973885206","0.164365275428737","0.1468694032353","-0.330844829873221","-0.0331900413784974","-0.0816809304933316","-0.0242396400368547","0.0931399705361941","-0.00394310690620704","0.295283662912166","0.0248981314732676","-0.118187019058679","-0.166294529282878","0.0416161529083132","-0.192301088091176","0.167693596187259","-0.106251143112115","-0.303086502791478","0.0782567241376206","-0.130153986419337","0.191800507908926","0.0762692859158455","0.202993739953888","0.252455833606468","0.120780523173378","0.267142939375037","-0.0694506201311298","0.124896400528765","-0.170425821766627","-0.0416705518350616","-0.197352318640167","-0.257459105652879","-0.151218125131246","N2","20C"
"-0.216054523261897","0.127414430723237","-0.0314348761739099","0.194840536328013","0.160229979663802","0.131019010077249","-0.344428507898818","-0.0347992988408293","-0.0754365440114715","-0.0115201668046029","0.103595452619819","0.00977592927677833","0.297137542182587","0.0237827508902957","-0.121506362282564","-0.162589841916597","0.0403865857430693","-0.183332752531682","0.183686285695401","-0.103413805381489","-0.303639627842531","0.079288280178247","-0.126132371069601","0.184906283187194","0.0723648225885726","0.189802368320284","0.245948956387635","0.110656755060358","0.27092368103892","-0.0735801378467545","0.12463623935632","-0.170797069578312","-0.0403336450645868","-0.184341820250384","-0.257797786382155","-0.149438157119373","AF16","30C"
"-0.203159096849284","0.136090105623769","-0.0321810583617996","0.200744176989613","0.151073245976164","0.135107050043324","-0.33374038658819","-0.0335910053808553","-0.0721874106207325","-0.0211440919461291","0.105708542770415","0.0130207735956282","0.299562733187725","0.0248156013879333","-0.111519043474661","-0.162156037774026","0.0424030772990952","-0.198863851143497","0.170221698058276","-0.0960167644985573","-0.306377982358316","0.0811941007528743","-0.130889281683201","0.196802442269643","0.0697130213539841","0.184321019989275","0.24649940470542","0.112634581455719","0.273380747707726","-0.0754590750986305","0.12668975473633","-0.172794456969774","-0.0417973850272561","-0.195379653840818","-0.254305161036862","-0.145808943704587","AF16","30C"
"-0.216221256451462","0.106821489843555","-0.0308756269034545","0.163360808364545","0.172703496577921","0.112872925996238","-0.356703184591967","-0.0373068491992812","-0.11532532965022","-0.0143893687431866","0.13489840225289","0.0153345578615822","0.331542998364977","0.0284328662257229","-0.129530090811054","-0.122163027251514","0.0392987861609854","-0.156944602661755","0.192736691933218","-0.0818537718976356","-0.31142229549074","0.0828044264458845","-0.120717331654347","0.161669314240936","0.0677774510051311","0.168049842005958","0.257376525111376","0.12190382380499","0.288101389583251","-0.0892045456667675","0.122127128056363","-0.163753348045619","-0.0378001103234874","-0.175118364037493","-0.259224350133032","-0.145661666192996","AF16","30C"
"-0.196821714291332","0.153899946301662","-0.0321010322490792","0.222939221130499","0.144747496449793","0.136371521186513","-0.31858694952591","-0.031588354657447","-0.0828425495748826","-0.00433056142263459","0.0943514003319473","0.00985772923199343","0.278472213188275","0.0237467534821349","-0.0992148332572669","-0.198427683998335","0.0451464891802278","-0.207117274345232","0.159300084383977","-0.118243483745685","-0.292453623787021","0.0719823384591377","-0.135506233861611","0.206792075725783","0.0789722272991315","0.206465688139705","0.244456167844455","0.112532028451127","0.258791780164289","-0.0638170102514213","0.128270327046651","-0.174391334522765","-0.0414330460048798","-0.21132258615361","-0.253746337102193","-0.147189316955137","AF16","30C"
"-0.155794782949705","0.145120418470201","-0.0357025842486643","0.236030143039767","0.132927184849728","0.159171778988664","-0.309752724428027","-0.0316240011239544","-0.0853456758675892","-0.0180135109136776","0.0284413174525929","0.000526579478125679","0.296664432992644","0.0257446695659755","-0.110787824769153","-0.183163699124259","0.0447262668609056","-0.204822871162683","0.151091124125429","-0.146244984849949","-0.283249316532949","0.0622297629759393","-0.134320683942822","0.196285868846768","0.0842842318679415","0.219143739995705","0.262300147945203","0.135018385278326","0.264823385218987","-0.0692249414916055","0.127325208418061","-0.174598103118582","-0.0431189326287991","-0.211785766484113","-0.258133502256924","-0.153783250266066","N2","30C"
"-0.164821028555062","0.127326422645007","-0.0354494051966589","0.217157183203769","0.160327163377351","0.144231846713726","-0.351169748540019","-0.036632993290389","-0.0795353666890942","-0.00822040213649245","0.0861952711890825","0.0140386364571163","0.295266534354308","0.0255953838571774","-0.108526480120547","-0.166254285910048","0.0416182791725452","-0.19067114293535","0.144063805499807","-0.135909880453124","-0.294480096901593","0.0684483116641993","-0.117705001039244","0.173251174525368","0.0816061537376629","0.217639973081509","0.257626976189914","0.127618398967563","0.265805798445463","-0.0684283148314265","0.119598257041377","-0.15995239667468","-0.0403556329169511","-0.191130173188023","-0.265426306010702","-0.16824065002112","N2","30C"
"-0.176262109693841","0.136486699812936","-0.0330326969473997","0.210720656955905","0.149541959876238","0.132958735415781","-0.346233212860402","-0.0356674401441844","-0.0654118008902785","-0.0225897763193082","0.115019260653928","-1.97058959535874e-05","0.311747513852199","0.0261426982200972","-0.125366928754608","-0.167993352905732","0.0411426720841465","-0.189196600838127","0.160959500053494","-0.114104400852911","-0.290361603134741","0.0661399165534484","-0.120803931879064","0.174855094402222","0.0755777927908255","0.200006830325582","0.253585074873714","0.123254292373822","0.265385876668298","-0.0671981616112493","0.12270685903359","-0.166834124207012","-0.0410319587717216","-0.195156741180202","-0.261669196572268","-0.159187823389395","N2","30C"
"-0.19686898881523","0.141937015720102","-0.0325065298548597","0.209452782586269","0.153622768465872","0.13730567218536","-0.337104223500621","-0.0342548846447009","-0.0608199221410987","-0.0228070591855038","0.0872305297342572","0.00152454115908381","0.296272189219202","0.0249032367530751","-0.122267700339941","-0.172062628256137","0.0439344130566749","-0.202745554168066","0.15717595446208","-0.108158760026788","-0.294399688184827","0.0726411985425544","-0.126315331228279","0.185820817677777","0.0789403995882252","0.208555611015676","0.248658807277862","0.116588163100712","0.25848568089753","-0.0610358415311291","0.125727225894631","-0.17163070391861","-0.0443735997274068","-0.21037102771687","-0.256491763794156","-0.150413079526032","N2","30C"
"-0.191364016349074","0.148197954037119","-0.0314272139599988","0.196679878621059","0.153346412395306","0.124099453584175","-0.370318378478377","-0.0426774277960588","-0.0709894223635403","-0.0294699261537412","0.116400901236409","-0.00228479025720908","0.309768716591503","0.02658336577449","-0.0931049838920895","-0.161497167747047","0.0365272165325067","-0.172821901832336","0.171529835846559","-0.109778248233012","-0.316472798995986","0.0927126381393216","-0.122630749028799","0.17336523098196","0.0718112162761393","0.191046764226986","0.249320061563703","0.118948493639442","0.27335176968613","-0.0772491738596897","0.10715192681863","-0.132983358284515","-0.0387447169833331","-0.174583498940039","-0.258986738048891","-0.161061015858407","N2","30C"
"-0.174532531992746","0.123669106238095","-0.0327603331026304","0.208082833681914","0.153274639817913","0.138687620122449","-0.372466516971662","-0.041752413229078","-0.0695014820061859","-0.00780604194083891","0.10735845570254","0.000926816584161071","0.314544938932046","0.0271335175402755","-0.103994624717476","-0.167297237059694","0.0376561258450993","-0.17403295419489","0.150691701948629","-0.113484707550852","-0.309881093312558","0.0847119221187538","-0.12171177305131","0.177517373533762","0.0729285005223953","0.194242848305834","0.248686033112601","0.115057297910214","0.269809605254558","-0.06990336754081","0.112901304818933","-0.147153662449156","-0.0400250511323523","-0.182990426881929","-0.261863034851725","-0.161089071109142","N2","30C"
"-0.204094199626169","0.151377806180817","-0.0326150135598626","0.210671179053938","0.14829622631281","0.134656411012743","-0.350297741489315","-0.0382517690175473","-0.0927122736664426","-0.0165253123227772","0.0815106002423326","0.00852370531365088","0.280294804575119","0.0228977865029829","-0.0714627413554406","-0.166320039091232","0.0421730397203453","-0.19926507454201","0.154027903526381","-0.1278111015856","-0.306519411720189","0.081489996312688","-0.13028175850798","0.195414209381454","0.076306610810097","0.202805464611109","0.238955379029565","0.106928873341818","0.263543865942254","-0.0677834203534505","0.129931948669195","-0.177544251246137","-0.0395894264267075","-0.188253142542973","-0.257697921959855","-0.157065801863543","N2","30C"
